query,position,title,url,domain,description,triage_status,triage_reason
"""family office"" ""Hong Kong"" ""multi-family office""",1,Top 10 Family Offices in Hong Kong (2026 Guide) - Dakota,https://www.dakota.com/resources/blog/top-10-family-offices-in-hong-kong-2026-guide,dakota.com,"DL Family Office. Type: Multi-Family Office Headquarters: 22/F, 92 Wellington Street, Central, Hong Kong AUM: ~US$2.3 billion (2023).Read more",reject,non-entity result
"""family office"" ""Hong Kong"" ""multi-family office""",2,Setting Up in Hong Kong - Family Office HK,https://www.familyofficehk.gov.hk/en/setting-up/index.html,familyofficehk.gov.hk,"The establishment of a single-family office is to meet the needs of a single family, while a multi-family office serves multiple ultra-high net worth families.Read more",candidate_raw,own-domain result with direct family-office language
"""family office"" ""Hong Kong"" ""multi-family office""",3,Multi Family Office,https://www.quamwealthgroup.com/en/our_business/multi_family_office/,quamwealthgroup.com,"Our Family Charter team is an important part of the Multi Family Office at Quam Asset Management Limited (SFC License No. AAC662), within Quam Wealth Group. We ...Read more",candidate_raw,own-domain result with direct family-office language
"""family office"" ""Hong Kong"" ""multi-family office""",4,Why Family Offices Choose Hong Kong: Tax Concessions ...,https://www.zedra.com/insights/why-family-offices-choose-hong-kong-tax-concessions-structure/,zedra.com,Multi-Family Office' where several families join forces to share the ... Can a Hong Kong family office manage assets across multiple jurisdictions ...Read more,candidate_raw,own-domain result with direct family-office language
"""family office"" ""Hong Kong"" ""multi-family office""",5,PwC Hong Kong: Family offices,https://www.pwchk.com/en/industries/financial-services/asset-and-wealth-management/family-office.html,pwchk.com,"... family office or a multi family office. Download the roadmap to establishing ... South Private Clients and Family Office Tax Leader, PwC Hong Kong. +[ ...Read more",candidate_raw,own-domain result with direct family-office language
"""family office"" ""Hong Kong"" ""multi-family office""",6,Mission Capital Management Multi Family Office in Hong ...,https://www.swfinstitute.org/profile/654085c435d1acc7e6985eb3,swfinstitute.org,"Mission Capital Management Limited (Mission Capital Management) is a Multi Family Office located in Hong Kong Hong Kong, Asia, and was founded in 2019.",reject,directory/social/regulator result; use only as corroboration or lookup
"""family office"" ""Hong Kong"" ""multi-family office""",7,The Evolution of Family Office Structures in Hong Kong,https://www.charlesrussellspeechlys.com/en/insights/expert-insights/financial-services/2025/the-evolution-of-family-office-structures-in-hong-kong-a-strategic-guide-to-structural-compliance/,charlesrussellspeechlys.com,Multi-Family Office Considerations. Multi-family offices (“MFO ... Hong Kong's family office tax concession regime represents a ...Read more,reject,non-entity result
"""family office"" ""Hong Kong"" ""multi-family office""",8,Aspire MFO | Multi-family Office and Wealth Management,https://aspiremfo.com/,aspiremfo.com,ASPIRE Multi-family Office is a licensed asset manager and regulated in Hong Kong by the Securities and Futures Commission (BIA093). About Us · Contact Us.Read more,candidate_raw,own-domain result with direct family-office language
"""family office"" ""Hong Kong"" ""multi-family office""",9,Family Offices in Hong Kong,https://www.charltonslaw.com/our-work/private-wealth-trusts-family-offices/family-offices-in-hong-kong-comprehensive-financial-services-for-high-net-worth-families/,charltonslaw.com,"multi-family office structure and, where the provision of services ... ADVANTAGES OF SETTING UP FAMILY OFFICE IN HONG KONG. As an ...Read more",candidate_raw,own-domain result with direct family-office language
"""family office"" ""Hong Kong"" ""multi-family office""",10,About Us | ONE Family Office,https://onefogroup.com/en-uk/aboutus.html,onefogroup.com,ONE Family Office is a Hong Kong-based multi-family office that provides independent wealth management solutions and other family governance solutions.Read more,candidate_raw,own-domain result with direct family-office language
"""family office"" ""Companies House""",1,FAMILY OFFICE LIMITED overview - Companies House,https://find-and-update.company-information.service.gov.uk/company/15765939,find-and-update.company-information.service.gov.uk,"FAMILY OFFICE LIMITED - Free company information from Companies House including registered office address, filing history, accounts, annual return, ...",reject,non-entity result
"""family office"" ""Companies House""",2,family office holdings limited - Companies House - GOV.UK,https://find-and-update.company-information.service.gov.uk/company/12470459,find-and-update.company-information.service.gov.uk,"FAMILY OFFICE HOLDINGS LIMITED - Free company information from Companies House including registered office address, filing history, accounts, annual return, ...",candidate_raw,own-domain result with direct family-office language
"""family office"" ""Companies House""",3,UK FAMILY OFFICE LTD overview - Companies House,https://find-and-update.company-information.service.gov.uk/company/12817820,find-and-update.company-information.service.gov.uk,"UK FAMILY OFFICE LTD - Free company information from Companies House including registered office address, filing history, accounts, annual return, officers, ...",reject,non-entity result
"""family office"" ""Companies House""",4,Unlimited vs limited liability in Family Investment ...,https://www.saffery.com/insights/articles/unlimited-vs-limited-liability-in-family-investment-companies-fics-privacy-protection-and-planning-in-2026/,saffery.com,"Many unlimited companies don't require filing of annual accounts at Companies House, making them one of the most discreet corporate structures ...Read more",reject,snippet/title lacks direct family-office language
"""family office"" ""Companies House""",5,the family office london limited - Companies House - GOV.UK,https://find-and-update.company-information.service.gov.uk/company/07599185,find-and-update.company-information.service.gov.uk,"THE FAMILY OFFICE LONDON LIMITED - Free company information from Companies House including registered office address, filing history, accounts, ...",candidate_raw,own-domain result with direct family-office language
"""family office"" ""Companies House""",6,"NADATHUR FAMILY OFFICE UK LTD, CR3 6QB",https://www.companiesintheuk.co.uk/ltd/nadathur-family-office-uk,companiesintheuk.co.uk,NADATHUR FAMILY OFFICE UK LTD · Latest financial results as of 4 April 2026. Shareholders funds: £100 · Current company directors.,candidate_raw,own-domain result with direct family-office language
"""family office"" ""Companies House""",7,how to run a family office - View PDF,https://www.taxadvisermagazine.com/print/pdf/node/7834,taxadvisermagazine.com,"Crucially, there will never be a 'one-size-fits-all' model for a family office. ... such as Companies House. Family offices may have a single ...Read more",candidate_raw,own-domain result with direct family-office language
"""family office"" ""Companies House""",8,"Caroline Baker Family Office Ltd., London","https://www.northdata.com/Caroline+Baker+Family+Office+Ltd.,+London/Companies+House+06254698",northdata.com,"Caroline Baker Family Office Ltd., London, Companies House 06254698: Employees, Total assets, Earnings, Revenue, Network, Financial information.",candidate_raw,own-domain result with direct family-office language
"""family office"" ""Companies House""",9,YOUR FAMILY OFFICE LTD overview - Companies House,https://find-and-update.company-information.service.gov.uk/company/15749325,find-and-update.company-information.service.gov.uk,"YOUR FAMILY OFFICE LTD - Free company information from Companies House including registered office address, filing history, accounts, annual return, ...",reject,non-entity result
"""family office"" ""Companies House""",10,Susannah Kelly - Private Family Office,https://uk.linkedin.com/in/susannah-kelly-2a787762,uk.linkedin.com,PA in Private Family Office and Experienced Assistant with a demonstrated history of… · Experience: Private Family Office · Education: GemA · Location ...,reject,directory/social/regulator result; use only as corroboration or lookup
"""family office"" ""Singapore"" ""investment office""",1,Family Office Location Guide 2026 - Capital Founders OS,https://www.capitalfounders.io/playbooks/family-office-location-guide/,capitalfounders.io,Structure: Single family office in Singapore (tax incentive scheme) ... Investment Office. ©2026 Capital Founders OS. Published with Ghost & Flair.Read more,reject,non-entity result
"""family office"" ""Singapore"" ""investment office""",2,Singapore Family Office: Everything You Need To Know,https://www.tetraconsultants.com/jurisdictions/register-company-in-singapore/singapore-family-office/,tetraconsultants.com,Home » Jurisdictions» Register Company in Singapore» Singapore Family Office ... investment office. Business management. As part of its investment ...Read more,candidate_raw,own-domain result with direct family-office language
"""family office"" ""Singapore"" ""investment office""",3,Shaping family office wealthtech in Singapore and beyond,https://andsimple.co/insights/shaping-family-office-wealthtech-in-singapore-and-beyond-canopy/,andsimple.co,"Shaping family office wealthtech in Singapore and beyond. Partner ... What type of family office are you? - Select -, Private Investment Office ...Read more",candidate_raw,own-domain result with direct family-office language
"""family office"" ""Singapore"" ""investment office""",4,Family Office | UOB Private Bank,https://www.uob.com.sg/private/our-inspirations/family-office.page,uob.com.sg,You will get all the guidance you need to set up a family office in Singapore. ... Investment Office. Find out more. We use cookies to improve and customise ...Read more,candidate_raw,own-domain result with direct family-office language
"""family office"" ""Singapore"" ""investment office""",5,XSQUARED Family Office,https://sg.linkedin.com/company/xsquared-family-office,sg.linkedin.com,XSQUARED Family Office | 201 followers on LinkedIn. XSquared Family Office is a Singapore ... Kwee Investment Office. Investment Management. Khattar Family ...Read more,reject,directory/social/regulator result; use only as corroboration or lookup
"""family office"" ""Singapore"" ""investment office""",6,"Singapore Family Offices Market Statistics & Outlook, 2034",https://www.imarcgroup.com/singapore-family-offices-market,imarcgroup.com,"Single Family Office, Multi-Family Office, Virtual Family Office. Office Types Covered, Founder's Office, Multi-Generational Office, Investment Office ...Read more",candidate_raw,own-domain result with direct family-office language
"""family office"" ""Singapore"" ""investment office""",7,Setting Up a Family Office in Singapore: A Comprehensive ...,https://rmq.com.sg/service/setting-up-a-family-office-in-singapore/,rmq.com.sg,Unlocking the Full Potential of an Investment Office in Singapore · Setting Up a Family Office in Singapore: A Comprehensive Guide · Bespoke ...Read more,reject,non-entity result
"""family office"" ""Singapore"" ""investment office""",8,Bank of Singapore offers ultra-wealthy a turnkey family ...,https://www.craincurrency.com/investing/bank-singapore-offers-ultra-wealthy-turnkey-family-office-alternative,craincurrency.com,The Bank of Singapore has unveiled the Family Office Catalyst ... The Family Office Catalyst will be guided by its Chief Investment Office ...Read more,reject,non-entity result
"""family office"" ""Singapore"" ""investment office""",9,Investment Associate (Family Office) in Singapore - jobs,https://www.randstad.com/jobs/investment-associate-family-office_singapore_46711451/,randstad.com,Our client is setting up a boutique Family Office in Singapore with capital from the Principal with Korean heritage. ... investment office ...Read more,candidate_raw,own-domain result with direct family-office language
"""family office"" ""Singapore"" ""investment office""",10,How Singapore is setting new highs in the family office space,https://www.edb.gov.sg/en/business-insights/insights/how-singapore-is-setting-new-highs-in-the-family-office-space.html,edb.gov.sg,"Singapore attracts ... Investment Office to pick winners in the new economy, Singapore's family office proposition ticks all four boxes.Read more",candidate_raw,own-domain result with direct family-office language
"""family office"" ""Switzerland"" ""investment office""",1,Family Offices in Switzerland,https://archive.investmentoffice.com/io/Family_Offices/Family_Offices_Switzerland/Family_Offices_in_Switzerland.php,archive.investmentoffice.com,"Got it! Analytics. Investment Office. Selecting relevant market ... Independent Wealth Manager and Multi-Family Office, Londinium Family Office LtdRead more",candidate_raw,own-domain result with direct family-office language
"""family office"" ""Switzerland"" ""investment office""",2,Why Switzerland remains a premier destination for family offices,https://andsimple.co/insights/why-switzerland-remains-a-premier-destination-for-family-offices/,andsimple.co,"A snapshot of the top 10 family offices in Switzerland ; 1875 Finance, Ormond Family, Geneva, Multi-family office focused on wealth management ...Read more",candidate_raw,own-domain result with direct family-office language
"""family office"" ""Switzerland"" ""investment office""",3,List of 295 Family Office Profiles in Europe,https://www.swfinstitute.org/profiles/family-office/europe,swfinstitute.org,... Family Office profiles ... AMK Investment Office. Family Office in United Kingdom/ Europe · ARR Family Office. Family Office in Switzerland/ Europe.Read more,reject,directory/social/regulator result; use only as corroboration or lookup
"""family office"" ""Switzerland"" ""investment office""",4,Bauval Investment Partners | Swiss Family Office,https://bauvalpartners.com/,bauvalpartners.com,"A private investment office fully aligned with the interests of its clients ... 1201 Geneva, Switzerland · Bauval Investment Partners. Quick Links. Our ...Read more",candidate_raw,own-domain result with direct family-office language
"""family office"" ""Switzerland"" ""investment office""",5,Family Office Forum Zurich 2026,https://prestelandpartner.com/familyofficeforumzurich.html,prestelandpartner.com,"At uptownBasel, she contributed to deep-tech innovation and startup strategy within one of Switzerland's emerging technology ecosystems. ... investment office ...Read more",candidate_raw,own-domain result with direct family-office language
"""family office"" ""Switzerland"" ""investment office""",6,FIO Partners AG Family Investment Office,https://app.hubfinance.com/en/company/fio-partners-ag-family-investment-office-family-offices-switzerland-pfaffikon--2,app.hubfinance.com,"FIO Partners AG Family Investment Office — Family offices — Pfäffikon, Switzerland. FIO Partners AG wurde 2009 als Family Office von fünf ...Read more",candidate_raw,own-domain result with direct family-office language
"""family office"" ""Switzerland"" ""investment office""",7,List of Single Family Offices in Switzerland,https://archive.investmentoffice.com/io/Family_Offices/Family_Offices_Switzerland/Single_Family_Offices/List_of_Single_Family_Offices_in_Switzerland.php,archive.investmentoffice.com,"List of Single Family Offices in Switzerland ; aeris CAPITAL AG. 8808 Pfäffikon ; Anewa AG. Single Family Office, Stephan Schmidheiny Family 8640 Hurden ; ARfinanz ...Read more",reject,non-entity result
"""family office"" ""Switzerland"" ""investment office""",8,Bedrock Group named best Multi-Family Office at the 2026 ...,https://www.bedrockgroup.com/bedrock-group-named-best-multi-family-office-at-the-2026-swiss-wealthbriefing-awards/,bedrockgroup.com,Bedrock is proud to have been named Best Private Investment Office / Multi-Family Office in Switzerland at the 2026 WealthBriefing Swiss ...Read more,candidate_raw,own-domain result with direct family-office language
"""family office"" ""Switzerland"" ""investment office""",9,LINVO AG - Life Investment Office,https://www.linkedin.com/company/linvoag,linkedin.com,LINVO AG - Life Investment Office. Investment Management. Designers of your financial well-being. Value engineers. Multi-Family-Office. See jobs Follow.Read more,reject,directory/social/regulator result; use only as corroboration or lookup
"""family office"" ""Switzerland"" ""investment office""",10,List of portfolio managers and trustees licensed by ...,https://www.finma.ch/en/~/media/finma/dokumente/bewilligungstraeger/pdf/vvtr.pdf?la=en,finma.ch,AlTi Wealth Management (Switzerland - US) AG. Zürich. X. AOOS - Schweizerische ... Julius Bär Family Office & Trust AG. Zürich. X. OSFINcontrol AG. Julius Bär ...Read more,reject,non-entity result
"""multi-family office"" ""official website"" ""family office services""",1,Jimenez Wealth Multifamily Offices LLC,https://seamless.ai/b/jimenez-wealth-multifamily-offices-llc-17712246,seamless.ai,Multi Family office services specializing in comprehensive financial ... What is the Jimenez Wealth Multifamily Offices LLC's official website? Jimenez Wealth ...,candidate_raw,own-domain result with direct family-office language
"""multi-family office"" ""official website"" ""family office services""",2,"JDJ Family Office Services - Overview, News & Similar ...",https://www.zoominfo.com/c/jdj-family-office-services/62835530,zoominfo.com,... multi-family office services. www.businesswire.com. Read more news. Top ... What is JDJ Family Office Services's official website? JDJ Family Office ...Read more,reject,directory/social/regulator result; use only as corroboration or lookup
"""multi-family office"" ""official website"" ""family office services""",3,How are family offices addressing key gaps in their service ...,https://www.instagram.com/p/DVd7M51ienQ/,instagram.com,"... Family Office Services and Strategy, shares what roles families are ... For confirmation, please contact us through our official website or ...Read more",candidate_raw,own-domain result with direct family-office language
"""multi-family office"" ""official website"" ""family office services""",4,Helvetic Trust AG - Wealth Management & Family Office Services ...,https://keysfortomorrow.com/helvetic-trust-ag-wealth-management-family-office/,keysfortomorrow.com,"Different Topic: Family Office Services and More. A unique service portfolio sets Helvetic Trust AG apart. Operating as a multi-family office, the ...",candidate_raw,own-domain result with direct family-office language
"""multi-family office"" ""official website"" ""family office services""",5,Lucid Investments I Family Office & Wealth Management,https://ensun.io/company/lucid-investments-i-family-office-and-wealth-management-69303c4d563369bdaa4afe73-managed,ensun.io,Multi-Family Office Services. Go to product >. Product: Wealth Planning ... What is Lucid Investments I Family Office & Wealth Management official website? The ...,candidate_raw,own-domain result with direct family-office language
"""multi-family office"" ""official website"" ""family office services""",6,How Singapore is Becoming Asia's Family Office Hub,https://www.edb.gov.sg/en/business-insights/insights/how-singapore-is-becoming-asia-s-family-office-hub.html,edb.gov.sg,"Click here to view the infographic. Single family office or Multi-family Office. Within just a handful of years, Maitri Asset Management ...Read more",candidate_raw,own-domain result with direct family-office language
"""multi-family office"" ""official website"" ""family office services""",7,22 Years of Right Horizons: From Vision to Legacy,https://www.righthorizons.com/blogs/22-years-of-right-horizons-from-a-vision-to-a-legacy/,righthorizons.com,Customized Multi-Family Office Solutions; Portfolio Management. At its ... Family Office Services · Distribution. About us. Company · Investor ...Read more,candidate_raw,own-domain result with direct family-office language
"""multi-family office"" ""official website"" ""family office services""",8,"Entrust Family Office - Overview, News & Similar companies",https://www.zoominfo.com/c/entrust-family-office/426007860,zoominfo.com,"Their offerings include single and multi-family office services, personal investment management, estate planning, and CFO services. The firm aims to support ...Read more",reject,directory/social/regulator result; use only as corroboration or lookup
"""multi-family office"" ""official website"" ""family office services""",9,CONFIDERI Family Office Email ID Format | Official Contacts,https://www.salezshark.com/company/confideri-family-office,salezshark.com,"including the official website and all other relevant information. ... Official Website. http://www ... multi family office services, formation of joint ...",candidate_raw,own-domain result with direct family-office language
"""multi-family office"" ""official website"" ""family office services""",10,FAMILY OFFICE ADVISORY FIRMS MAXIMIZES RETURNS ...,https://www.slideserve.com/Waterfieldadvisors/family-office-advisory-firms-maximizes-returns-through-diversification-of-investments,slideserve.com,"... family office services in India. Wealth ... official website https://www ... Maximizing Returns, Minimizing Risks ...",candidate_raw,own-domain result with direct family-office language
"""single family office"" ""official website"" ""investment office""",1,Europe Family Office Investment Summit – The official website,https://europefosummit.com/,europefosummit.com,"Principal, Kiatt Group Single Family Office, Spain. Dr. Plamen Russev. Serial Entrepreneur, Investor, Futurist, and Philanthropist, Switzerland. Giuseppe ...Read more",reject,non-entity result
"""single family office"" ""official website"" ""investment office""",2,A Family Office Perspective On Real Estate Investing ... - AltsDb,https://altsdb.com/2022/09/bhathal-054/,altsdb.com,investment office called RAJ Capital. So that was the big event in ... single family office or a multifamily office is having some ...Read more,candidate_raw,own-domain result with direct family-office language
"""single family office"" ""official website"" ""investment office""",3,"CH Investment Partners - Overview, News & Similar ...",https://www.zoominfo.com/c/ch-investment-partners/476906126,zoominfo.com,"CH Investment Partners is a Dallas-based family investment office that caters to ultra-high-net-worth families, providing a tailored single-family office ...Read more",reject,directory/social/regulator result; use only as corroboration or lookup
"""single family office"" ""official website"" ""investment office""",4,"𝗖𝗵𝗿𝗶𝘀𝘁𝗼𝗽𝗵𝗲 𝗟𝗲𝗲, Deputy CEO of 𝗦𝘂𝗻 𝗛𝘂𝗻𝗴 𝗞𝗮𝗶 ...",https://www.facebook.com/SunHungKaiCo/posts/%F0%9D%97%96%F0%9D%97%B5%F0%9D%97%BF%F0%9D%97%B6%F0%9D%98%80%F0%9D%98%81%F0%9D%97%BC%F0%9D%97%BD%F0%9D%97%B5%F0%9D%97%B2-%F0%9D%97%9F%F0%9D%97%B2%F0%9D%97%B2-deputy-ceo-of-%F0%9D%97%A6%F0%9D%98%82%F0%9D%97%BB-%F0%9D%97%9B%F0%9D%98%82%F0%9D%97%BB%F0%9D%97%B4-%F0%9D%97%9E%F0%9D%97%AE%F0%9D%97%B6-%F0%9D%97%96%F0%9D%97%AE%F0%9D%97%BD%F0%9D%97%B6%F0%9D%98%81%F0%9D%97%AE%F0%9D%97%B9-%F0%9D%97%A3%F0%9D%97%AE%F0%9D%97%BF%F0%9D%98%81%F0%9D%97%BB%F0%9D%97%B2%F0%9D%97%BF%F0%9D%98%80-and-managing-director/1069807431609658/,facebook.com,"In addition to establishing a single-family office, many expressed ... official website ☑️ “Space Sustainability” Parallel Conference ...Read more",reject,non-entity result
"""single family office"" ""official website"" ""investment office""",5,Family Office Elite Magazine,https://www.calameo.com/books/004015332cfcea5490155,calameo.com,... single-family oﬃce (SFO) concept of providing management services in ... oﬃcial website of YAM at www.yuanasset.com. • Your home from home venue in ...Read more,candidate_raw,own-domain result with direct family-office language
"""single family office"" ""official website"" ""investment office""",6,Taiwan-US SMEs AI Industry Forum & Business Opportunities ...,https://www.computex.biz/Default_online_forum_Detail.aspx?fid=74,computex.biz,Official Website ... RPA by BILINK CORP. RPA Coach. Kai Hua Microsoft Taiwan Chief Technology Officer. Steve Hsu Arizona-Taiwan Trade and Investment OfficeRead more,reject,snippet/title lacks direct family-office language
"""single family office"" ""official website"" ""investment office""",7,Top 50 Hardware VC (Venture Capital) Funds in United Arab ...,https://shizune.co/investors/hardware-vc-funds-united-arab-emirates,shizune.co,"AMK Investment Office is a generation private family office. Show more ... Welcome to the official website of Sumitomo Corporation, a leading ...Read more",candidate_raw,own-domain result with direct family-office language
"""single family office"" ""official website"" ""investment office""",8,Narotam Sekhsaria Family Office Company Contacts,https://aeroleads.com/c/narotam-sekhsaria-family-office1,aeroleads.com,"What is Narotam Sekhsaria Family Office's official website? ... Investment Office, Chona Family Office, Wami Capital - Single Family Office ... Sharrp Ventures | ...",candidate_raw,own-domain result with direct family-office language
"""single family office"" ""official website"" ""investment office""",9,Ka Ming Andre K. - think good policies and build ...,https://hk.linkedin.com/in/andrekwok,hk.linkedin.com,Single Family Office - Office of the Chairman. Great Treasure International ... Official Website: https://www.thincfellowship.today/. Social Enterprise Summit ...Read more,reject,directory/social/regulator result; use only as corroboration or lookup
"""single family office"" ""official website"" ""investment office""",10,https://yakooot.com/lists/Californian-Family-Offic...,https://yakooot.com/lists/Californian-Family-Offices.csv,yakooot.com,"... Single family office,2013-12-31 72ebe79f-a4c5-4fd1-a38a-93226324f0f5,ABACUS ... official website of The Moinian Group, a leading real estate ...Read more",candidate_raw,own-domain result with direct family-office language
