originalStartUrl,domain,scrapedUrls,depth,emails,phones,phonesUncertain,linkedIns,twitters,instagrams,facebooks,youtubes,tiktoks,pinterests,discords,snapchats,threads,telegrams,reddits,whatsapps
https://pathstone.com/,pathstone.com,"['https://pathstone.com/', 'https://pathstone.com/about-us/newsroom/', 'https://pathstone.com/about-us/careers/']",0,[],[],[],['https://linkedin.com/company/pathstone-family-office'],[],['https://www.instagram.com/pathstone'],['https://www.facebook.com/PathstoneTheFamilyOffice'],[],[],[],[],[],[],[],[],[]
https://privatewealth.com/,privatewealth.com,"['https://privatewealth.com/', 'https://privatewealth.com/contact/', 'https://privatewealth.com/contact/']",0,['info@privatewealth.com'],"['8886117926', '3193086600', '5153288870', '4022274208', '3143146738', '2106672630', '4322555051']","['319-308-6600', '515-328-8870', '402-227-4208', '314-314-6738', '210-667-2630', '432-255-5051', '1035216', '888-611-7926']",['https://www.linkedin.com/company/private-wealth-asset-management'],['https://twitter.com/PrivateWealth1'],[],['https://www.facebook.com/profile.php?id=61573351105544'],[],[],[],[],[],[],[],[],[]
https://alti-global.com/,alti-global.com,"['https://alti-global.com/', 'https://alti-global.com/contact-location/#contact-us', 'https://alti-global.com/contact-location/']",0,[],"['+852 3119 0135', '+351 21 359 2180', '+44 20 7195 1400', '+39 02 9713 5006', '+65 6011 9080']","['214-855-2200', '+49 40 329088', '+852 3119 0135', '1250-044', '+351 21 359 2180', '+44 20 7195 1400', '+41 91 985 35', '305-373-8033', '+39 02 9713 5006', '952-358-6260', '212-396-5900', '561-833-6789', '56 89 83 30', '971-930-1760', '415-449-1000', '206-748-3669', '+65 6011 9080', '301 298 1601', '302-656-5644', '+41 44 797 90']",['https://www.linkedin.com/company/altiglobal'],[],[],[],[],[],[],[],[],[],[],[],[]
https://omniawealth.com/,omniawealth.com,"['https://omniawealth.com/', 'https://omniawealth.com/contact/', 'https://omniawealth.com/contact/']",0,['Info@OmniaWealth.com'],"['8447989080', '3056029080']","['(844) 798-9080', '(305) 602-9080']",['https://www.linkedin.com/company/omnia-family-wealth'],[],[],['https://www.facebook.com/omniawealth'],['https://www.youtube.com/channel/UCSCJvWr4BYkqqWAsnvVE-xQ'],[],[],[],[],[],[],[],[]
https://aspiriant.com/,aspiriant.com,"['https://aspiriant.com/', 'https://aspiriant.com/awards-and-press/', 'https://aspiriant.com/contact/']",0,"['manager.research@aspiriant.com', 'info@aspiriant.com']",['858.519.1892'],"['(415) 371–7800', '858.519.1892']",['https://www.linkedin.com/company/aspiriant'],['https://twitter.com/AspiriantNews'],['https://www.instagram.com/aspiriantwealth'],['https://www.facebook.com/Aspiriant'],['https://www.youtube.com/@AspiriantVideo'],[],[],[],[],[],[],[],[]
https://marinya.com.au/,marinya.com.au,"['https://marinya.com.au/', 'https://marinya.com.au/about/', 'https://marinya.com.au/contact/']",0,['info@marinya.com.au'],[],['8017 1000'],[],[],[],[],[],[],[],[],[],[],[],[],[]
https://www.stonehagefleming.com/,stonehagefleming.com,"['https://www.stonehagefleming.com/', 'https://www.stonehagefleming.com/about-us/social-responsibility', 'https://www.stonehagefleming.com/about-us']",0,['fraudreport@stonehagefleming.com'],[],[],['https://www.linkedin.com/company/stonehagefleming'],['https://twitter.com/sf_familyoffice'],[],[],[],[],[],[],[],[],[],[],[]
https://www.fiduciarytrust.com/,fiduciarytrust.com,['https://www.fiduciarytrust.com/'],0,[],[],[],['https://www.linkedin.com/company/fiduciary-trust-international'],['https://x.com/FiduciaryTrust'],['https://www.instagram.com/fiduciarytrustintl'],[],['https://www.youtube.com/@FiduciaryTrustInternational'],[],[],[],[],[],[],[],[]
https://lnwadvisors.com/,lnwadvisors.com,"['https://lnwadvisors.com/', 'https://lnwadvisors.com/people/careers/', 'https://lnwadvisors.com/contact/']",0,['hello@lnwadvisors.com'],"['206.464.5100', '415.399.9159', '212.292.4809', '213.855.4300', '610.977.2402', '605.275.1408']","['(800) 475-9159', '(206) 464-5100', '(415) 399-9159', '(212) 292-4809', '(213) 855-4300', '(610) 977-2402', '(605) 275-1408', '27518831', '275188330', '41670453']",['https://www.linkedin.com/company/lnwadvisors'],[],[],[],[],[],[],[],[],[],[],[],[]
https://hbwealth.com/,hbwealth.com,"['https://hbwealth.com/', 'https://hbwealth.com/about-us/', 'https://hbwealth.com/about-us/the-hb-wealth-story/']",0,[],[],"['2020-2025', '2022-2025', '2010-2025', '2008-2020', '2022-2023']",['https://www.linkedin.com/company/hbwealth'],['https://x.com/HB_wealth'],['https://www.instagram.com/hbwealthria'],['https://www.facebook.com/HBWealthRIA'],"['https://www.youtube.com/embed/mYpD56aMTVE', 'https://www.youtube.com/@hb_wealth']",[],[],[],[],[],[],[],[]
https://www.ralphfamilyoffice.com/,ralphfamilyoffice.com,['https://www.ralphfamilyoffice.com/'],0,[],[],[],[],[],[],[],[],[],[],[],[],[],[],[],[]
https://www.greycourt.com/,greycourt.com,"['https://www.greycourt.com/', 'https://www.greycourt.com/contact/', 'https://www.greycourt.com/white-paper/jesse-v-john-maynard-why-smart-investors-disagree-so-profoundly-about-what-markets-are-telling-us/']",0,"['info@greycourt.com', 'manager.research@greycourt.com', 'jfoster@greycourt.com']",[],"['15203412', '361-0100', '226-0470', '97239503', '412.551.9976']",[],[],[],[],[],[],[],[],[],[],[],[],[]
https://www.wreninvestmentoffice.com/,wreninvestmentoffice.com,"['https://www.wreninvestmentoffice.com/', 'https://www.wreninvestmentoffice.com/about', 'https://www.wreninvestmentoffice.com/contact']",0,['info@wreninvestmentoffice.com'],[],"['0936257005', '5183714', '1432966', '1757069635260', '1757069635297', '7942543', '8246-4191', '093625700541', '824051503218951', '09362570055', '093625700669', '09362570066', '288018001125070', '633252364014921', '1757256076288', '1757256076328', '730-644398', '127845414', '093625700592', '093625700595', '020 3876 590084', '09362570058', '1656615088309', '498-924111']",['https://www.linkedin.com/company/wren-investment-office'],['https://x.com/WrenMFO'],[],[],[],[],[],[],[],[],[],[],[]
https://www.ohanaadvisors.com/,ohanaadvisors.com,"['https://www.ohanaadvisors.com/', 'https://www.ohanaadvisors.com/contact', 'https://www.ohanaadvisors.com/about']",0,['investments@ohanaadvisors.com'],['415-226-4170'],"['38.440002', '44140625', '415-226-4170', '415-226-4100', '415-479-4481']",['https://www.linkedin.com/company/ohana-advisors-llc'],[],[],[],[],[],[],[],[],[],[],[],[]
https://ceritypartners.com/,ceritypartners.com,"['https://ceritypartners.com/', 'https://ceritypartners.com/team/lynda-castellano/', 'https://ceritypartners.com/contact/']",0,[],"['12122021810', '2122021810']","['(212) 202-1810', '212.202.1810']",['https://www.linkedin.com/company/cerity-partners'],[],[],[],['https://youtube.com/@ceritypartners'],[],[],[],[],[],[],[],[]
https://venitage.com/,venitage.com,['https://venitage.com/'],0,[],[],[],[],[],[],[],[],[],[],[],[],[],[],[],[]
https://www.silvercrestgroup.com/,silvercrestgroup.com,"['https://www.silvercrestgroup.com/', 'https://www.silvercrestgroup.com/about/', 'https://www.silvercrestgroup.com/contact/']",0,['info@silvercrestgroup.com'],[],"['212-649-0600', '973-635-6700', '617-292-2500', '434-977-4420', '414-225-7399', '804-298-2025', '858-352-3510', '(212) 649-0600']",[],[],[],[],[],[],[],[],[],[],[],[],[]
https://www.sjsinvest.com/,sjsinvest.com,"['https://www.sjsinvest.com/', 'https://www.sjsinvest.com/contact-us', 'https://www.sjsinvest.com/get-started']",0,[],['+18004344406'],"['692072702', '69207965', '196356663470757', '475409836065573', '4329708', '69208330', '1763735078046', '1825624', '2374825', '2016-2025', '2022-2025', '6882-9157-4737', '6920843', '9177-6284', '(800) 434-4406', '05617861', '1580414404594', '1604969378287', '6920726', '1612994929803', '602459958984245', '(419) 885-2626', '692072722', '1776170186078', '1776170186122', '67993615', '4961210', '1508340906060', '1573677679159', '4517520', '(602) 682-5344', '142857142857142', '456349206349206', '138519120', '031841884541', '9007925', '692072712', '7962857', '1764084507771', '1764084507811', '1722537957937', '13769531', '69.876541', '17-609349', '66.666671', '75292969', '9512-913892', '0307335', '032-4726', '6089814']",['https://www.linkedin.com/company/sjs-investment-services'],[],[],['https://www.facebook.com/SJSInvestmentServices'],[],[],[],[],[],[],[],[],[]
https://www.havenprivate.com/,havenprivate.com,"['https://www.havenprivate.com/', 'https://www.havenprivate.com/contact-1', 'https://www.havenprivate.com/about-1']",0,['info@havenprivate.com'],['(407) 982-4550'],"['1798521', '1657921747208', '1714079561819', '1657921747589', '6258479', '8972370658442', '75656205820', '509023118908815', '1658605712829', '1714079561833', '9960644', '72525321', '(321) 329-8670', '1553888888520', '781-1008', '1744865819554', '1768720570683', '502290020936239', '280019996545163', '24707945', '184026222006805', '529159717345505', '352044005500687', '517761332099907', '870520422', '0037177', '064004448559864', '469194472910730', '61586477', '4096163', '1657921792188', '1714079579284', '1657921792240']",[],[],[],[],[],[],[],[],[],[],[],[],[]
https://www.bessemertrust.com/,bessemertrust.com,"['https://www.bessemertrust.com/', 'https://www.bessemertrust.com/contact', 'https://www.bessemertrust.com/careers-at-bessemer']",0,[],[],[],[],[],[],[],[],[],[],[],[],[],[],[],[]
https://www.reimann-investors.com/,reimann-investors.com,"['https://www.reimann-investors.com/', 'https://www.reimann-investors.com/impressum', 'https://www.reimann-investors.com/family-office']",0,"['info@reimann-investors.com', 'vermoegensbetreuung@reimann-investors.com']",[],"['7125805', '+49 89 649 555', '+49 89 693 9642']",['https://de.linkedin.com/company/reimann-investors'],[],[],[],[],[],[],[],[],[],[],[],[]
https://ballentinepartners.com/,ballentinepartners.com,"['https://ballentinepartners.com/', 'https://ballentinepartners.com/contact/', 'https://ballentinepartners.com/careers/']",0,"['hello@ballentinepartners.com', 'investments@ballentinepartners.com']",[],"['781-314-1300', '603-569-1717', '561-508-4500']",['https://www.linkedin.com/company/2220341'],[],[],[],[],[],[],[],[],[],[],[],[]
https://www.hamiltongraywealth.com/,hamiltongraywealth.com,"['https://www.hamiltongraywealth.com/', 'https://www.hamiltongraywealth.com/about-hgwm', 'https://www.hamiltongraywealth.com/contact']",0,['info@hamiltongraywealth.com'],[],"['175.392669', '67773438', '205566406', '62.864723', '365234375', '63.129974', '63.660476', '68457031', '281.666656', '4941406', '54541016', '95.104896', '305.600.1161']",['http://www.linkedin.com/in/john-gray-92077334'],[],[],[],[],[],[],[],[],[],[],[],[]
https://www.thirdviewpw.com/,thirdviewpw.com,"['https://www.thirdviewpw.com/', ""https://www.thirdviewpw.com/press/schwab-network%3A-jerry-sneed-on-summer-market-outlook-and-bitcoin's-growing-respect"", 'https://www.thirdviewpw.com/contact-us']",0,"['Info@ThirdViewPW.com', 'info@thirdviewpw.com']",[],"['(203) 408-0098', '303-797-9080']",['https://www.linkedin.com/company/third-view-private-wealth'],[],['https://instagram.com/thirdviewpw'],['https://www.facebook.com/profile.php?id=61576671027194'],[],[],[],[],[],[],[],[],[]
https://y-n10.com/,y-n10.com,"['https://y-n10.com/', 'https://y-n10.com/investment/']",0,['contact@y-n10.com'],[],[],['https://www.linkedin.com/company/yamauchi-no-10-family-office'],['https://twitter.com/n10Yamauchi'],[],['https://www.facebook.com/Yamauchi-No10-Family-Office-155395302912476'],[],[],[],[],[],[],[],[],[]
https://twinfocus.com/,twinfocus.com,"['https://twinfocus.com/', 'https://twinfocus.com/contact-us/', 'https://twinfocus.com/who-we-are/culture-careers/']",0,"['info@twinfocus.com', 'careers@twinfocus.com']",['+1 (617) 720-4500'],"['+1 (617) 720-4500', '12.31.2025', '173000014']",['https://www.linkedin.com/company/twin-focus-capital-partners-llc'],['https://x.com/twinfocuscap'],[],[],[],[],[],[],[],[],[],[],[]
https://www.tollesonwealth.com/,tollesonwealth.com,"['https://www.tollesonwealth.com/', 'https://www.tollesonwealth.com/contact-us/', 'https://www.tollesonwealth.com/leadership-team/']",0,['consumer.complaints@dob.texas.gov'],"['2142523250', '2142523033', '8772765554', '5124751313']","['(214) 252-3250', '(214) 252-3033', '8705-4294', '(877) 276-5554', '(512) 475-1313']",['https://www.linkedin.com/company/tolleson-wealth-management'],[],['https://www.instagram.com/tollesonwealth'],[],[],[],[],[],[],[],[],[],[]
https://www.wefamilyoffices.com/,wefamilyoffices.com,"['https://www.wefamilyoffices.com/', 'https://www.wefamilyoffices.com/contact-family-offices/', 'https://www.wefamilyoffices.com/we-family-offices/our-team/']",0,[],"['3058252225', '2122185100']","['305-825-2225', '305-825-7790', '212-218-5100', '212-218-5109', '212.218.5100', '212.218.5109', '305.825.2225', '305.825.7790']",['https://www.linkedin.com/company/we-family-offices'],['https://twitter.com/wefamilyoffices'],[],['https://www.facebook.com/wefamilyofficesofficialpage'],['https://www.youtube.com/user/wefamilyoffices'],[],[],[],[],[],[],[],[]
https://www.matterfamilyoffice.com/,matterfamilyoffice.com,"['https://www.matterfamilyoffice.com/', 'https://www.matterfamilyoffice.com/contact-us/', 'https://www.matterfamilyoffice.com/the-matter-team/']",0,['info@matterfamilyoffice.com'],"['(314) 862-5190', '(303) 552-0900', '(214) 453-5514']","['(314) 862-5190', '(303) 552-0900', '(214) 453-5514']",[],[],[],['https://www.facebook.com/Matter-Family-Office-183840454993700'],[],[],[],[],[],[],[],[],[]
https://atcapital.com.sg/,atcapital.com.sg,"['https://atcapital.com.sg/', 'https://atcapital.com.sg/about-us/', 'https://atcapital.com.sg/media-centre/']",0,['info@atcapital.com.sg'],[],['+65 6226 2174'],[],[],[],[],[],[],[],[],[],[],[],[],[]
https://www.whittiertrust.com/,whittiertrust.com,"['https://www.whittiertrust.com/', 'https://www.whittiertrust.com/contact-us/', 'https://www.whittiertrust.com/contact-us/']",0,[],[],[],['https://www.linkedin.com/company/whittier-trust-company'],[],[],['https://www.facebook.com/WhittierTrust'],['https://www.youtube.com/@WhittierTrustCompany'],[],[],[],[],[],[],[],[]
https://www.cattrail.com/,cattrail.com,"['https://www.cattrail.com/', 'https://www.cattrail.com/#About', 'https://www.cattrail.com/#Team']",0,"['admin@cattrail.com', 'admin@dekker.org']",[],"['(203) 226-3152', '(212) 207-3714']",['https://www.linkedin.com/company/cattrail-capital-llc'],[],[],[],[],[],[],[],[],[],[],[],[]
https://www.cmwealthadvisors.com/,cmwealthadvisors.com,"['https://www.cmwealthadvisors.com/', 'https://www.cmwealthadvisors.com/contact', 'https://www.cmwealthadvisors.com/team']",0,['hello@cmwealthadvisors.com'],[],"['16413904', '1702659018411', '1762552892226', '762202019580', '777777777777777', '18.476792', '4666-7623', '628-6586', '1762550236856', '6444099', '6420368', '(216) 831-966720', '1553888888520', '6971188', '1886123934', '5758339', '30779136', '52511789', '54050871']",[],['http://twitter.com/squarespace'],['http://instagram.com/squarespace'],['http://facebook.com/squarespace'],['http://youtube.com/squarespace'],[],[],[],[],[],[],[],[]
https://www.longwallfamilyoffice.com/,longwallfamilyoffice.com,"['https://www.longwallfamilyoffice.com/', 'https://www.longwallfamilyoffice.com/contact', 'https://www.longwallfamilyoffice.com/team']",0,"['Inquiries@LongwallIP.com', 'dhedley@longwallfamilyoffice.com']","['(214) 683-6381', '805-267-7184']","['214-683-6381', '42.25062', '87.83977', '(214) 683-6381', '(203) 209-2785']",['https://www.linkedin.com/company/longwall-family-office'],[],[],[],[],[],[],[],[],[],[],[],[]
https://jfgfamilyoffice.com/,jfgfamilyoffice.com,"['https://jfgfamilyoffice.com/', 'https://jfgfamilyoffice.com/contact', 'https://jfgfamilyoffice.com/team']",0,[],[],[],[],[],[],[],[],[],[],[],[],[],[],[],[]
https://www.ogwealth.com/,ogwealth.com,"['https://www.ogwealth.com/', 'https://www.ogwealth.com/contact', 'https://www.ogwealth.com/about']",0,[],"['+15305640960', '+14242543439', '5305640960']","['468854016377971', '1741123216328', '1768512517956', '3144-592', '281930588731206', '656082010251281', '468854016375', '1741122000149', '304038004750593', '477862477862477', '8777110', '1741125317725', '1768539370124', '837-94411', '571698575478632', '352022001375086', '1768517469025', '1768517472889', '442719352', '5219-4390', '182948726474695', '336042005250656', '20625716', '1768517549778', '1768517549818', '788126683683', '1768517321698', '1768539413250', '4623-952', '697136197136197', '216013500843802', '1741111486441', '344021501343834', '494023344114751', '2014995', '1743013617266', '1745379173684', '120574482297929', '896112014001750', '564.0960', '95928530', '254.3439', '90254424', '46885401637779', '1666219776152', '468854016377798', '468854016377923', '4058167', '6812874', '1746044749835']",['https://www.linkedin.com/in/ryanodonnellwealth'],[],[],['https://www.facebook.com/odonnell.wealth'],[],[],[],[],[],[],[],[],[]
https://www.ssa-wa.com/,ssa-wa.com,"['https://www.ssa-wa.com/', 'https://www.ssa-wa.com/our-services', 'https://www.ssa-wa.com/es/']",0,['info@ssa-wa.com'],"['+41442066040', '+41229097480']","['+41 44 206 60', '+41 22 909 74']",[],[],[],[],[],[],[],[],[],[],[],[],[]
https://www.wildcatcap.com/,wildcatcap.com,"['https://www.wildcatcap.com/', 'https://www.wildcatcap.com/contact', 'https://www.wildcatcap.com/team']",0,"['info@wildcatcap.com', 'Stutelman@wildcatcap.com', 'axie@wildcatcap.com', 'brosenblatt@wildcatcap.com', 'cfox@wildcatcap.com', 'dtarlow@wildcatcap.com', 'gschild@wildcatcap.com', 'gstone@wildcatcap.com', 'jmesser@wildcatcap.com', 'lpotter@wildcatcap.com', 'msantos@wildcatcap.com', 'rbarlow@wildcatcap.com']",['212-468-5100'],['212-468-5100'],"['https://www.linkedin.com/in/alanxie', 'https://www.linkedin.com/in/brianrosenblatt1', 'https://www.linkedin.com/in/connor-fox-196678178', 'https://www.linkedin.com/in/drew-tarlow-3823894', 'https://www.linkedin.com/in/george-m-stone-1b67458', 'https://www.linkedin.com/in/grahamschild', 'https://www.linkedin.com/in/jeffrey-messer-8a2259a', 'https://www.linkedin.com/in/len-potter-55985313', 'https://www.linkedin.com/in/michelle-santos-26ba83117', 'https://www.linkedin.com/in/rossbarlow', 'https://www.linkedin.com/in/samantha-tutelman-5a62a4100', 'https://www.linkedin.com/in/sherri-conn-145663143']",[],[],[],[],[],[],[],[],[],[],[],[]
https://www.verlinvest.com/,verlinvest.com,"['https://www.verlinvest.com/', 'https://www.verlinvest.com/contact-us/', 'https://www.verlinvest.com/team/']",0,[],[],[],"['https://www.linkedin.com/company/verlinvest', 'https://www.linkedin.com/in/alexandre-d-2555033b', 'https://www.linkedin.com/in/anne-sophie-de-clercq-8a401117', 'https://www.linkedin.com/in/arjun-anand-2a369154', 'https://www.linkedin.com/in/ben-black-8574bb3b', 'https://www.linkedin.com/in/gabyfernandezscala', 'https://www.linkedin.com/in/krishnachablani', 'https://www.linkedin.com/in/rachel-citera-a0a949160', 'https://www.linkedin.com/in/roberto-italia-2244b82', 'https://www.linkedin.com/in/sophiefarroul', 'https://www.linkedin.com/in/thibaultbiebuyck', 'https://www.linkedin.com/in/william-de-vliegher-59386a84', 'https://www.linkedin.com/in/wouter-de-wit-90a4635', 'www.linkedin.com/company/verlinvest']",[],"['www.instagram.com/tomandcobelgium', 'www.instagram.com/humblegrowth__']",[],['www.youtube.com/embed/zUN9KQpUgzM'],[],[],[],[],[],[],[],[]
https://www.premjiinvest.com/,premjiinvest.com,"['https://www.premjiinvest.com/', 'https://www.premjiinvest.com/team', 'https://www.linkedin.com/company/premji-invest/']",0,[],[],"['1690463284814', '2147483647', '744227144322625', '744315658713503', '744498271885519', '744833497586879', '745194806930824', '745308094037087', '745443135227742', '745478483222138', '745697008283830', '746021593623135', '1665620586381', '1737447965873', '1761658803556', '1529936545190', '746021593495228', '1778654081417', '1778654081581', '1778654081499', '745697007956240', '1777880209154', '1777880209796', '1777880209299', '745478483119400', '1777359204612', '1777359205365', '1777359205142', '745443135101916', '745308093927604', '745120080404221', '745120080745219', '745194806810451', '1776682868789', '744833497448053', '1775821440183', '744498271743736', '1775022200166', '744315658576342', '1774586816712', '744227143982057', '1774375781032', '1647977198401', '1630542035711', '1668419095707', '1676872621648', '1740478829025', '1740133833085', '1698661355493', '1631325359619']","['https://www.linkedin.com/company/premji-invest', 'https://in.linkedin.com/company/premji-invest', 'https://www.linkedin.com/in/adrienne-down-coulson', 'https://www.linkedin.com/in/itwig', 'https://www.linkedin.com/in/prakharmehrotra', 'https://in.linkedin.com/in/vijaya-rangaswamy-127108a', 'https://in.linkedin.com/company/israel-economic-mission-to-south-india', 'https://in.linkedin.com/in/rameshn1965', 'https://in.linkedin.com/in/priyansh-brannen', 'https://in.linkedin.com/in/yair-osheroff', 'https://in.linkedin.com/company/ficci', 'https://in.linkedin.com/in/saravanan-nattanmai-270b9410', 'https://in.linkedin.com/company/mintifi', 'https://in.linkedin.com/company/kreditbee', 'https://in.linkedin.com/in/dr-anand-sancheti-64187a', 'https://in.linkedin.com/in/nilesh-agrawal-66798126', 'https://in.linkedin.com/in/chaitanya-kosaraju-98491162', 'https://in.linkedin.com/in/jasudha-kirpalani-b70415398', 'https://in.linkedin.com/in/kritika-thakur-seth-65510238', 'https://in.linkedin.com/in/mallikarjuna-n-0a9974119', 'https://in.linkedin.com/in/parv-chadha-14b039184', 'https://in.linkedin.com/in/prakash-chellam-098a135', 'https://in.linkedin.com/in/ps-866b5917', 'https://in.linkedin.com/in/ravikiran-vadapally-b684393', 'https://in.linkedin.com/in/raystephanos', 'https://in.linkedin.com/in/shekharmehta', 'https://in.linkedin.com/in/shriram-sunder', 'https://in.linkedin.com/in/tk-kurien-2b456a5', 'https://in.linkedin.com/in/vardaan-ahluwalia', 'https://in.linkedin.com/in/varsha-yogish42', 'https://in.linkedin.com/company/digital-india-foundation', 'https://in.linkedin.com/in/argupta26', 'https://in.linkedin.com/in/aakashguglani', 'https://in.linkedin.com/in/harsh-baldawa', 'https://in.linkedin.com/in/kaveeshchawla', 'https://in.linkedin.com/in/manoj-jaiswal-012ba42', 'https://in.linkedin.com/in/ritesh-sheth-9523436b', 'https://in.linkedin.com/in/seethalakshmy-narayanan-39446a122', 'https://in.linkedin.com/in/singhshivank', 'https://in.linkedin.com/in/tanyagupta2000', 'https://in.linkedin.com/in/karthik-kreditbee', 'https://in.linkedin.com/in/madhusudane', 'https://in.linkedin.com/in/vivek-veda-0aa162a', 'https://in.linkedin.com/in/keshav-daga-936285135', 'https://www.linkedin.com/company/indiasporaforum', 'https://www.linkedin.com/in/mr-rangaswami-b5a08762', 'https://www.linkedin.com/company/doss-com', 'https://www.linkedin.com/in/arnav-mishra', 'https://www.linkedin.com/in/jake-epstein-12915b11a', 'https://www.linkedin.com/in/sandeshpatnam']",[],[],[],[],[],[],[],[],[],[],[],[]
https://eastrockcap.com/,eastrockcap.com,"['https://eastrockcap.com/', 'https://eastrockcap.com/people/', 'https://eastrockcap.com/library/']",0,['info@eastrockcap.com'],"['+2126305000', '+2126240231']","['212 630 5000', '212 624 0231']",[],[],[],[],[],[],[],[],[],[],[],[],[]
https://bostonmfo.com/,bostonmfo.com,"['https://bostonmfo.com/', 'https://bostonmfo.com/team/', 'https://bostonmfo.com/team/']",0,[],[],"['+44 1624 692 930', '+356 2134 1857', '+44 1534 729 913']",['https://www.linkedin.com/company/boston-group-ltd'],[],[],[],[],[],[],[],[],[],[],[],[]
https://www.mdmfo.com/public-access/about-us/,mdmfo.com,"['https://www.mdmfo.com/public-access/about-us/', 'https://www.mdmfo.com/contact/', 'https://www.mdmfo.com/public-access/blog/']",0,[],[],['6557 8827'],[],[],[],['https://www.facebook.com/familyofficeMFO'],['https://www.youtube.com/embed/6vVbGln43t0'],[],[],[],[],[],[],[],[]
https://www.cypresspointwealth.com/,cypresspointwealth.com,"['https://www.cypresspointwealth.com/', 'https://www.cypresspointwealth.com/#', 'https://www.cypresspointwealth.com/important-disclosure-information/']",0,[],[],[],[],[],[],[],[],[],[],[],[],[],[],[],[]
https://www.persimmoncapital.com/,persimmoncapital.com,"['https://www.persimmoncapital.com/', 'https://www.persimmoncapital.com/contact', 'https://www.persimmoncapital.com/team-member']",0,['ghorn@persimmoncapital.com'],['(484) 572-0500'],['(484) 572-0500'],['https://www.linkedin.com/in/greg-horn-b12b73'],[],[],[],[],[],[],[],[],[],[],[],[]
https://cressetcapital.com/,cressetcapital.com,"['https://cressetcapital.com/', 'https://cressetcapital.com/about/leadership-team/', 'https://cressetcapital.com/about/team/']",0,[],[],[],['https://www.linkedin.com/company/cresset-capital'],[],['https://www.instagram.com/cressetwealth'],['https://www.facebook.com/cressetcapital'],['https://www.youtube.com/channel/UCWSjn357EXAhTaQo42akkWQ'],[],[],[],[],[],[],[],[]
https://www.lennertz.com/en,lennertz.com,"['https://www.lennertz.com/en', 'https://www.lennertz.com/#the-company', 'https://www.lennertz.com/#our-services']",0,"['info@lennertz.com', 'schlichtungsstelle@bafin.de', 'ombudsmann@ofdl.ch', 'info@lennertz-co.de']",[],"['+49 40 210 91', '327 830 540', '255 807 053', '185 901 801 000', '+49 228 4108', '+41 31 326 27', '27.11.2019']",[],[],[],[],[],[],[],[],[],[],[],[],[]
https://indieasset.com/,indieasset.com,"['https://indieasset.com/', 'https://indieasset.com/contact/', 'https://indieasset.com/contact/#employment']",0,['ddickinson@indieasset.com'],[],"['201020112012', '20152015', '317.428.6600', '317.428.6605']",['https://www.linkedin.com/company/1316624'],[],[],['https://www.facebook.com/Indie-Asset-Partners-166662986679439'],[],[],[],[],[],[],[],[],[]
https://okabena.com/,okabena.com,"['https://okabena.com/', 'https://okabena.com/team/', 'https://okabena.com/contact/']",0,['info@okabena.com'],"['612.339.7151', '612.339.6523']","['612.339.7151', '5402-4523', '612.339.6523']",[],[],[],[],[],[],[],[],[],[],[],[],[]
https://scottcp.com/,scottcp.com,"['https://scottcp.com/', 'https://scottcp.com/contact/', 'https://scottcp.com/portfolio_category/support-services/']",0,['info@scottcp.com'],[],"['0204 574 2828', '801-131114']","['https://www.linkedin.com/in/david-scott-5367a413', 'https://www.linkedin.com/in/jamie-gibbs-a45184b', 'https://www.linkedin.com/in/jenny-tozer-550aba26', 'https://www.linkedin.com/in/meena-lakshmanan-aa601b15', 'https://www.linkedin.com/in/britta-pfister-635668b', 'https://www.linkedin.com/in/nick-bearfield-9a276a85', 'https://www.linkedin.com/in/tom-starkie-0996495b', 'https://www.linkedin.com/in/anna-o-shaughnessy-b2a171b8', 'https://www.linkedin.com/in/pavanharnal', 'https://www.linkedin.com/in/joseph-barker-cfa-4a8960108', 'https://www.linkedin.com/in/tim-eastwood-', 'https://www.linkedin.com/in/ross-malpass-private-banker', 'https://www.linkedin.com/in/hugo-brassey-1743403', 'https://www.linkedin.com/in/blaisegrieder', 'https://www.linkedin.com/in/sandy-swinton-a7a006106', 'https://www.linkedin.com/in/maia-bettsworth-5b0668178', 'https://www.linkedin.com/company/scott-capital-partners-llp']",[],[],[],[],[],[],[],[],[],[],[],[]
